Name,Docs URL,Number of pages,Example URL,Rendering apps,User journey,Email document type,Government document type,Content Purpose Subgroup,Content Purpose Supergroup
aaib_report,https://docs.publishing.service.gov.uk/document-types/aaib_report.html,10884,https://www.gov.uk/aaib-reports/aaib-investigation-to-cessna-185a-skywagon-g-blos,government-frontend,thing,other,other,incidents,transparency
about,https://docs.publishing.service.gov.uk/document-types/about.html,355,https://www.gov.uk/government/organisations/disclosure-and-barring-service/about,"government-frontend, whitehall-frontend",thing,other,other,other,other
about_our_services,https://docs.publishing.service.gov.uk/document-types/about_our_services.html,56,https://www.gov.uk/government/organisations/companies-house/about-our-services,"government-frontend, whitehall-frontend",thing,other,other,other,other
access_and_opening,https://docs.publishing.service.gov.uk/document-types/access_and_opening.html,19,https://www.gov.uk/government/organisations/companies-house/about/access-and-opening,"government-frontend, whitehall-frontend",thing,other,other,other,other
accessible_documents_policy,https://docs.publishing.service.gov.uk/document-types/accessible_documents_policy.html,96,https://www.gov.uk/government/organisations/home-office/about/accessible-documents-policy,"",thing,other,other,other,other
ambassador_role,https://docs.publishing.service.gov.uk/document-types/ambassador_role.html,0,,"",thing,other,other,other,other
answer,https://docs.publishing.service.gov.uk/document-types/answer.html,761,https://www.gov.uk/get-coronavirus-test,government-frontend,thing,other,other,transactions,services
asylum_support_decision,https://docs.publishing.service.gov.uk/document-types/asylum_support_decision.html,96,https://www.gov.uk/asylum-support-tribunal-decisions/sm-v-secretary-of-state-for-the-home-department-as-05-12-11497,government-frontend,thing,other,other,decisions,news_and_communications
authored_article,https://docs.publishing.service.gov.uk/document-types/authored_article.html,474,https://www.gov.uk/government/speeches/prime-ministers-article-in-the-daily-telegraph-21-june-2021,government-frontend,thing,announcements,statements,speeches_and_statements,news_and_communications
board_member_role,https://docs.publishing.service.gov.uk/document-types/board_member_role.html,0,,"",thing,other,other,other,other
business_finance_support_scheme,https://docs.publishing.service.gov.uk/document-types/business_finance_support_scheme.html,167,https://www.gov.uk/business-finance-support/bcrs-business-loans-west-midlands,government-frontend,thing,other,other,business_support,guidance_and_regulation
calculator,https://docs.publishing.service.gov.uk/document-types/calculator.html,0,,calculators,thing,other,other,transactions,services
calendar,https://docs.publishing.service.gov.uk/document-types/calendar.html,2,https://www.gov.uk/bank-holidays,frontend,thing,other,other,guidance,guidance_and_regulation
case_study,https://docs.publishing.service.gov.uk/document-types/case_study.html,1892,https://www.gov.uk/government/case-studies/how-the-dvla-deployed-a-chatbot-and-improved-customer-engagement,government-frontend,thing,other,other,news,news_and_communications
chief_professional_officer_role,https://docs.publishing.service.gov.uk/document-types/chief_professional_officer_role.html,0,,"",thing,other,other,other,other
chief_scientific_advisor_role,https://docs.publishing.service.gov.uk/document-types/chief_scientific_advisor_role.html,0,,"",thing,other,other,other,other
chief_scientific_officer_role,https://docs.publishing.service.gov.uk/document-types/chief_scientific_officer_role.html,0,,"",thing,other,other,other,other
closed_consultation,https://docs.publishing.service.gov.uk/document-types/closed_consultation.html,990,https://www.gov.uk/government/consultations/protect-duty,government-frontend,thing,publications,consultations,consultations,policy_and_engagement
cma_case,https://docs.publishing.service.gov.uk/document-types/cma_case.html,2143,https://www.gov.uk/cma-cases/leasehold,government-frontend,thing,other,other,decisions,news_and_communications
coming_soon,https://docs.publishing.service.gov.uk/document-types/coming_soon.html,0,,"whitehall-frontend, government-frontend",thing,other,other,other,other
complaints_procedure,https://docs.publishing.service.gov.uk/document-types/complaints_procedure.html,123,https://www.gov.uk/government/organisations/driver-and-vehicle-licensing-agency/about/complaints-procedure,"government-frontend, whitehall-frontend",thing,other,other,other,other
completed_transaction,https://docs.publishing.service.gov.uk/document-types/completed_transaction.html,0,,frontend,thing,other,other,transactions,services
consultation,https://docs.publishing.service.gov.uk/document-types/consultation.html,0,,"",thing,publications,consultations,other,other
consultation_outcome,https://docs.publishing.service.gov.uk/document-types/consultation_outcome.html,4626,https://www.gov.uk/government/consultations/arrangements-for-non-exam-assessment-for-qualifications-in-2022,government-frontend,thing,publications,consultations,consultations,policy_and_engagement
contact,https://docs.publishing.service.gov.uk/document-types/contact.html,140,https://www.gov.uk/government/organisations/hm-revenue-customs/contact/income-tax-enquiries-for-individuals-pensioners-and-employees,government-frontend,thing,other,other,other,other
coronavirus_landing_page,https://docs.publishing.service.gov.uk/document-types/coronavirus_landing_page.html,4,https://www.gov.uk/coronavirus,"",thing,other,other,other,other
corporate_report,https://docs.publishing.service.gov.uk/document-types/corporate_report.html,12085,https://www.gov.uk/government/publications/passenger-locator-form-privacy-notice,"government-frontend, whitehall-frontend",thing,publications,corporate-reports,transparency_data,transparency
correspondence,https://docs.publishing.service.gov.uk/document-types/correspondence.html,5621,https://www.gov.uk/government/publications/matt-hancocks-resignation-letter-and-the-prime-ministers-response,government-frontend,thing,publications,correspondence,speeches_and_statements,news_and_communications
countryside_stewardship_grant,https://docs.publishing.service.gov.uk/document-types/countryside_stewardship_grant.html,248,https://www.gov.uk/countryside-stewardship-grants/permanent-grassland-with-very-low-inputs-outside-sdas-gs2,government-frontend,thing,other,other,business_support,guidance_and_regulation
decision,https://docs.publishing.service.gov.uk/document-types/decision.html,7236,https://www.gov.uk/government/publications/regulatory-approval-of-pfizer-biontech-vaccine-for-covid-19,"government-frontend, whitehall-frontend",thing,publications,decisions,decisions,news_and_communications
deputy_head_of_mission_role,https://docs.publishing.service.gov.uk/document-types/deputy_head_of_mission_role.html,0,,"",thing,other,other,other,other
detailed_guidance,https://docs.publishing.service.gov.uk/document-types/detailed_guidance.html,0,,whitehall-frontend,thing,other,other,other,other
detailed_guide,https://docs.publishing.service.gov.uk/document-types/detailed_guide.html,7668,https://www.gov.uk/guidance/red-amber-and-green-list-rules-for-entering-england,"government-frontend, whitehall-frontend",thing,other,other,guidance,guidance_and_regulation
dfid_research_output,https://docs.publishing.service.gov.uk/document-types/dfid_research_output.html,0,,government-frontend,thing,other,other,research,research_and_statistics
document_collection,https://docs.publishing.service.gov.uk/document-types/document_collection.html,4895,https://www.gov.uk/government/collections/eu-settlement-scheme-applicant-information,"government-frontend, whitehall-frontend",finding,other,other,other,other
drug_safety_update,https://docs.publishing.service.gov.uk/document-types/drug_safety_update.html,697,https://www.gov.uk/drug-safety-update/covid-19-vaccines-updates-for-june-2021,government-frontend,thing,other,other,updates_and_alerts,news_and_communications
email_alert_signup,https://docs.publishing.service.gov.uk/document-types/email_alert_signup.html,0,,email-alert-frontend,thing,other,other,other,other
employment_appeal_tribunal_decision,https://docs.publishing.service.gov.uk/document-types/employment_appeal_tribunal_decision.html,1642,https://www.gov.uk/employment-appeal-tribunal-decisions/mrs-g-dobson-v-1-north-cumbria-integrated-care-nhs-foundation-trust-2-working-families-intervenor-ukeat-slash-0220-slash-19-slash-la-v,government-frontend,thing,other,other,decisions,news_and_communications
employment_tribunal_decision,https://docs.publishing.service.gov.uk/document-types/employment_tribunal_decision.html,76892,https://www.gov.uk/employment-tribunal-decisions/miss-a-wallis-v-owlbuts-world-of-learning-ltd-3202434-slash-2020,government-frontend,thing,other,other,decisions,news_and_communications
equality_and_diversity,https://docs.publishing.service.gov.uk/document-types/equality_and_diversity.html,48,https://www.gov.uk/government/organisations/home-office/about/equality-and-diversity,government-frontend,thing,other,other,other,other
esi_fund,https://docs.publishing.service.gov.uk/document-types/esi_fund.html,1414,https://www.gov.uk/european-structural-investment-funds/the-covid-19-youth-employment-programme-in-d2n2-oc08s21p1818,government-frontend,thing,other,other,business_support,guidance_and_regulation
export_health_certificate,https://docs.publishing.service.gov.uk/document-types/export_health_certificate.html,1994,https://www.gov.uk/export-health-certificates/export-dogs-cats-and-ferrets-for-commercial-purposes-to-the-european-union-certificate-8218,government-frontend,thing,other,other,other,other
external_content,https://docs.publishing.service.gov.uk/document-types/external_content.html,543,https://www.gov.ukhttp://www.glasgow.gov.uk,"",thing,other,other,other,other
facet,https://docs.publishing.service.gov.uk/document-types/facet.html,0,,"",thing,other,other,other,other
facet_group,https://docs.publishing.service.gov.uk/document-types/facet_group.html,0,,"",thing,other,other,other,other
facet_value,https://docs.publishing.service.gov.uk/document-types/facet_value.html,0,,"",thing,other,other,other,other
fatality_notice,https://docs.publishing.service.gov.uk/document-types/fatality_notice.html,505,https://www.gov.uk/government/fatalities/sergeant-simon-alexander-hamilton-jewell,government-frontend,thing,announcements,fatality-notices,news,news_and_communications
field_of_operation,https://docs.publishing.service.gov.uk/document-types/field_of_operation.html,0,,whitehall-frontend,thing,other,other,other,other
finder,https://docs.publishing.service.gov.uk/document-types/finder.html,45,https://www.gov.uk/search/all,"finder-frontend, whitehall-frontend, collections",finding,other,other,other,other
finder_email_signup,https://docs.publishing.service.gov.uk/document-types/finder_email_signup.html,0,,finder-frontend,thing,other,other,other,other
flood_and_coastal_erosion_risk_management_research_report,https://docs.publishing.service.gov.uk/document-types/flood_and_coastal_erosion_risk_management_research_report.html,386,https://www.gov.uk/flood-and-coastal-erosion-risk-management-research-reports/achieving-net-zero-carbon-emissions-a-review-of-the-evidence-behind-carbon-offsetting,"",thing,other,other,other,other
foi_release,https://docs.publishing.service.gov.uk/document-types/foi_release.html,10850,https://www.gov.uk/government/publications/grade-and-salary-bands,government-frontend,thing,publications,foi-releases,freedom_of_information_releases,transparency
form,https://docs.publishing.service.gov.uk/document-types/form.html,5067,https://www.gov.uk/government/publications/application-for-a-vehicle-registration-certificate,"government-frontend, whitehall-frontend",thing,publications,forms,transactions,services
get_involved,https://docs.publishing.service.gov.uk/document-types/get_involved.html,0,,"",thing,other,other,other,other
gone,https://docs.publishing.service.gov.uk/document-types/gone.html,0,,"",thing,other,other,other,other
government,https://docs.publishing.service.gov.uk/document-types/government.html,0,,"",thing,other,other,other,other
government_response,https://docs.publishing.service.gov.uk/document-types/government_response.html,540,https://www.gov.uk/government/news/new-child-car-seat-rules-no-change-for-existing-booster-seats,government-frontend,thing,announcements,government-responses,speeches_and_statements,news_and_communications
governor_role,https://docs.publishing.service.gov.uk/document-types/governor_role.html,0,,"",thing,other,other,other,other
guidance,https://docs.publishing.service.gov.uk/document-types/guidance.html,21077,https://www.gov.uk/government/publications/covid-19-stay-at-home-guidance,"government-frontend, whitehall-frontend",thing,publications,guidance,guidance,guidance_and_regulation
guide,https://docs.publishing.service.gov.uk/document-types/guide.html,801,https://www.gov.uk/log-in-register-hmrc-online-services,government-frontend,thing,other,other,transactions,services
help_page,https://docs.publishing.service.gov.uk/document-types/help_page.html,10,https://www.gov.uk/help/terms-conditions,government-frontend,thing,other,other,other,other
high_commissioner_role,https://docs.publishing.service.gov.uk/document-types/high_commissioner_role.html,0,,"",thing,other,other,other,other
history,https://docs.publishing.service.gov.uk/document-types/history.html,6,https://www.gov.uk/government/history/10-downing-street,"",thing,other,other,other,other
hmrc_manual,https://docs.publishing.service.gov.uk/document-types/hmrc_manual.html,225,https://www.gov.uk/hmrc-internal-manuals/capital-gains-manual,manuals-frontend,thing,other,other,guidance,guidance_and_regulation
hmrc_manual_section,https://docs.publishing.service.gov.uk/document-types/hmrc_manual_section.html,80130,https://www.gov.uk/hmrc-internal-manuals/capital-gains-manual/cg60201c,manuals-frontend,thing,other,other,other,other
homepage,https://docs.publishing.service.gov.uk/document-types/homepage.html,0,,frontend,finding,other,other,other,other
html_publication,https://docs.publishing.service.gov.uk/document-types/html_publication.html,0,,"government-frontend, whitehall-frontend",thing,other,other,other,other
impact_assessment,https://docs.publishing.service.gov.uk/document-types/impact_assessment.html,1117,https://www.gov.uk/government/publications/skills-and-post-16-education-bill-impact-assessment-and-jchr-memorandum,government-frontend,thing,publications,impact-assessments,policy,policy_and_engagement
imported,https://docs.publishing.service.gov.uk/document-types/imported.html,0,,"",thing,other,other,other,other
independent_report,https://docs.publishing.service.gov.uk/document-types/independent_report.html,3141,https://www.gov.uk/government/publications/priority-groups-for-coronavirus-covid-19-vaccination-advice-from-the-jcvi-30-december-2020,"government-frontend, whitehall-frontend",thing,publications,independent-reports,research,research_and_statistics
international_development_fund,https://docs.publishing.service.gov.uk/document-types/international_development_fund.html,37,https://www.gov.uk/international-development-funding/sustainable-manufacturing-and-environmental-pollution-smep-programme-reducing-plastics-pollution-in-sub-saharan-africa-and-south-asia-research-and-innovation,government-frontend,thing,other,other,business_support,guidance_and_regulation
international_treaty,https://docs.publishing.service.gov.uk/document-types/international_treaty.html,1173,https://www.gov.uk/government/publications/usa-tax-treaties,"government-frontend, whitehall-frontend",thing,publications,international-treaties,guidance,guidance_and_regulation
knowledge_alpha,https://docs.publishing.service.gov.uk/document-types/knowledge_alpha.html,0,,frontend,thing,other,other,other,other
licence,https://docs.publishing.service.gov.uk/document-types/licence.html,423,https://www.gov.uk/tv-licence,frontend,thing,other,other,transactions,services
license_finder,https://docs.publishing.service.gov.uk/document-types/license_finder.html,0,,licencefinder,finding,other,other,other,other
local_transaction,https://docs.publishing.service.gov.uk/document-types/local_transaction.html,133,https://www.gov.uk/test-and-trace-support-payment,frontend,thing,other,other,transactions,services
maib_report,https://docs.publishing.service.gov.uk/document-types/maib_report.html,982,https://www.gov.uk/maib-reports/grounding-of-ro-ro-freight-ferry-arrow,government-frontend,thing,other,other,incidents,transparency
mainstream_browse_page,https://docs.publishing.service.gov.uk/document-types/mainstream_browse_page.html,151,https://www.gov.uk/browse/driving,collections,finding,other,other,other,other
manual,https://docs.publishing.service.gov.uk/document-types/manual.html,149,https://www.gov.uk/guidance/working-safely-during-coronavirus-covid-19,manuals-frontend,thing,other,other,guidance,guidance_and_regulation
manual_section,https://docs.publishing.service.gov.uk/document-types/manual_section.html,2556,https://www.gov.uk/guidance/working-safely-during-coronavirus-covid-19/restaurants-offering-takeaway-or-delivery,manuals-frontend,thing,other,other,guidance,guidance_and_regulation
map,https://docs.publishing.service.gov.uk/document-types/map.html,424,https://www.gov.uk/government/publications/natural-england-office-locations,government-frontend,thing,publications,maps,guidance,guidance_and_regulation
marine_notice,https://docs.publishing.service.gov.uk/document-types/marine_notice.html,0,,"",thing,other,other,other,other
media_enquiries,https://docs.publishing.service.gov.uk/document-types/media_enquiries.html,50,https://www.gov.uk/government/organisations/department-of-health-and-social-care/about/media-enquiries,"government-frontend, whitehall-frontend",thing,other,other,other,other
medical_safety_alert,https://docs.publishing.service.gov.uk/document-types/medical_safety_alert.html,916,https://www.gov.uk/drug-device-alerts/national-patient-safety-alert-philips-ventilator-cpap-and-bipap-devices-potential-for-patient-harm-due-to-inhalation-of-particles-and-volatile-organic-compounds-natpsa-slash-2021-slash-005-slash-mhra,government-frontend,thing,other,other,updates_and_alerts,news_and_communications
membership,https://docs.publishing.service.gov.uk/document-types/membership.html,37,https://www.gov.uk/government/organisations/commission-on-human-medicines/about/membership,government-frontend,thing,other,other,other,other
military_role,https://docs.publishing.service.gov.uk/document-types/military_role.html,0,,"",thing,other,other,other,other
ministerial_role,https://docs.publishing.service.gov.uk/document-types/ministerial_role.html,440,https://www.gov.uk/government/ministers/secretary-of-state-for-health-and-social-care,whitehall-frontend,thing,other,other,other,other
ministers_index,https://docs.publishing.service.gov.uk/document-types/ministers_index.html,0,,"",thing,other,other,other,other
modern_slavery_statement,https://docs.publishing.service.gov.uk/document-types/modern_slavery_statement.html,0,,"",thing,other,other,other,other
national,https://docs.publishing.service.gov.uk/document-types/national.html,0,,government-frontend,thing,other,other,other,other
national_statistics,https://docs.publishing.service.gov.uk/document-types/national_statistics.html,11380,https://www.gov.uk/government/statistics/english-indices-of-deprivation-2019,government-frontend,thing,publications,statistics,statistics,research_and_statistics
national_statistics_announcement,https://docs.publishing.service.gov.uk/document-types/national_statistics_announcement.html,1,https://www.gov.uk/government/statistics/announcements/farming-statistics-provisional-2015-cereal-and-oilseed-rape-production-estimates-united-kingdom,government-frontend,thing,other,other,statistics,research_and_statistics
need,https://docs.publishing.service.gov.uk/document-types/need.html,0,,info-frontend,thing,other,other,other,other
news_article,https://docs.publishing.service.gov.uk/document-types/news_article.html,1350,https://www.gov.uk/government/world-location-news/255470.es-419,whitehall-frontend,thing,other,other,news,news_and_communications
news_story,https://docs.publishing.service.gov.uk/document-types/news_story.html,42677,https://www.gov.uk/government/news/uk-travel-update-malta-added-to-green-list-and-green-watchlist-extended-as-plans-for-quarantine-free-travel-for-fully-vaccinated-passengers-from-ambe,"government-frontend, whitehall-frontend",thing,announcements,news-stories,news,news_and_communications
notice,https://docs.publishing.service.gov.uk/document-types/notice.html,4560,https://www.gov.uk/government/publications/guidance-about-the-events-research-programme-erp-paving-the-way-for-larger-audiences-to-attend-sport-theatre-and-gigs-safely-this-summer,"government-frontend, whitehall-frontend",thing,publications,notices,guidance,guidance_and_regulation
official,https://docs.publishing.service.gov.uk/document-types/official.html,0,,government-frontend,thing,other,other,other,other
official_statistics,https://docs.publishing.service.gov.uk/document-types/official_statistics.html,13805,https://www.gov.uk/government/statistics/annual-flu-reports,"government-frontend, whitehall-frontend",thing,publications,statistics,statistics,research_and_statistics
official_statistics_announcement,https://docs.publishing.service.gov.uk/document-types/official_statistics_announcement.html,0,,government-frontend,thing,other,other,statistics,research_and_statistics
open_consultation,https://docs.publishing.service.gov.uk/document-types/open_consultation.html,83,https://www.gov.uk/government/consultations/aligning-the-upper-age-for-nhs-prescription-charge-exemptions-with-the-state-pension-age,government-frontend,thing,publications,consultations,consultations,policy_and_engagement
oral_statement,https://docs.publishing.service.gov.uk/document-types/oral_statement.html,683,https://www.gov.uk/government/speeches/19-july-remains-our-target-date-for-ending-restrictions,government-frontend,thing,announcements,statements,speeches_and_statements,news_and_communications
organisation,https://docs.publishing.service.gov.uk/document-types/organisation.html,0,,"whitehall-frontend, collections",finding,other,other,other,other
our_energy_use,https://docs.publishing.service.gov.uk/document-types/our_energy_use.html,27,https://www.gov.uk/government/organisations/department-for-work-pensions/about/our-energy-use,government-frontend,thing,other,other,other,other
our_governance,https://docs.publishing.service.gov.uk/document-types/our_governance.html,111,https://www.gov.uk/government/organisations/department-of-health-and-social-care/about/our-governance,"government-frontend, whitehall-frontend",thing,other,other,other,other
person,https://docs.publishing.service.gov.uk/document-types/person.html,4189,https://www.gov.uk/government/people/matthew-hancock,whitehall-frontend,thing,other,other,other,other
personal_information_charter,https://docs.publishing.service.gov.uk/document-types/personal_information_charter.html,115,https://www.gov.uk/government/organisations/hm-courts-and-tribunals-service/about/personal-information-charter,"government-frontend, whitehall-frontend",thing,other,other,other,other
petitions_and_campaigns,https://docs.publishing.service.gov.uk/document-types/petitions_and_campaigns.html,4,https://www.gov.uk/government/organisations/ministry-of-housing-communities-and-local-government/about/petitions-and-campaigns,government-frontend,thing,other,other,other,other
place,https://docs.publishing.service.gov.uk/document-types/place.html,20,https://www.gov.uk/register-offices,frontend,thing,other,other,transactions,services
placeholder,https://docs.publishing.service.gov.uk/document-types/placeholder.html,0,,whitehall-frontend,thing,other,other,other,other
placeholder_ministerial_role,https://docs.publishing.service.gov.uk/document-types/placeholder_ministerial_role.html,0,,whitehall-frontend,thing,other,other,other,other
placeholder_organisation,https://docs.publishing.service.gov.uk/document-types/placeholder_organisation.html,0,,"",thing,other,other,other,other
placeholder_person,https://docs.publishing.service.gov.uk/document-types/placeholder_person.html,0,,whitehall-frontend,thing,other,other,other,other
placeholder_policy_area,https://docs.publishing.service.gov.uk/document-types/placeholder_policy_area.html,0,,"",thing,other,other,other,other
placeholder_topical_event,https://docs.publishing.service.gov.uk/document-types/placeholder_topical_event.html,0,,"",thing,other,other,other,other
placeholder_world_location,https://docs.publishing.service.gov.uk/document-types/placeholder_world_location.html,0,,"",thing,other,other,other,other
placeholder_world_location_news_page,https://docs.publishing.service.gov.uk/document-types/placeholder_world_location_news_page.html,0,,whitehall-frontend,thing,other,other,other,other
placeholder_worldwide_organisation,https://docs.publishing.service.gov.uk/document-types/placeholder_worldwide_organisation.html,0,,whitehall-frontend,thing,other,other,other,other
policy_area,https://docs.publishing.service.gov.uk/document-types/policy_area.html,0,,whitehall-frontend,thing,other,other,other,other
policy_paper,https://docs.publishing.service.gov.uk/document-types/policy_paper.html,10745,https://www.gov.uk/government/publications/self-employment-income-support-scheme-fifth-grant,"government-frontend, whitehall-frontend",thing,publications,policy-papers,policy,policy_and_engagement
press_release,https://docs.publishing.service.gov.uk/document-types/press_release.html,31781,https://www.gov.uk/government/news/vaccines-highly-effective-against-hospitalisation-from-delta-variant,government-frontend,thing,announcements,press-releases,news,news_and_communications
procurement,https://docs.publishing.service.gov.uk/document-types/procurement.html,64,https://www.gov.uk/government/organisations/ministry-of-defence/about/procurement,"government-frontend, whitehall-frontend",thing,other,other,other,other
promotional,https://docs.publishing.service.gov.uk/document-types/promotional.html,806,https://www.gov.uk/government/publications/view-and-prove-your-immigration-status-evisa,"government-frontend, whitehall-frontend",thing,publications,promotional-material,guidance,guidance_and_regulation
protected_food_drink_name,https://docs.publishing.service.gov.uk/document-types/protected_food_drink_name.html,5319,https://www.gov.uk/protected-food-drink-names/mallorca,"",thing,other,other,other,other
publication_scheme,https://docs.publishing.service.gov.uk/document-types/publication_scheme.html,92,https://www.gov.uk/government/organisations/hm-revenue-customs/about/publication-scheme,"government-frontend, whitehall-frontend",thing,other,other,other,other
raib_report,https://docs.publishing.service.gov.uk/document-types/raib_report.html,491,https://www.gov.uk/raib-reports/safety-digest-03-slash-2021-llandegai-tunnel,government-frontend,thing,other,other,incidents,transparency
recruitment,https://docs.publishing.service.gov.uk/document-types/recruitment.html,96,https://www.gov.uk/government/organisations/department-for-work-pensions/about/recruitment,"government-frontend, whitehall-frontend",thing,other,other,other,other
redirect,https://docs.publishing.service.gov.uk/document-types/redirect.html,0,,"",thing,other,other,other,other
regulation,https://docs.publishing.service.gov.uk/document-types/regulation.html,771,https://www.gov.uk/government/publications/model-articles-for-private-companies-limited-by-shares,government-frontend,thing,publications,regulations,regulation,guidance_and_regulation
research,https://docs.publishing.service.gov.uk/document-types/research.html,12442,https://www.gov.uk/government/publications/the-national-minimum-wage-in-2021,"government-frontend, whitehall-frontend",thing,publications,research-and-analysis,research,research_and_statistics
research_for_development_output,https://docs.publishing.service.gov.uk/document-types/research_for_development_output.html,35624,https://www.gov.uk/research-for-development-outputs/implementing-inclusive-education,"",thing,other,other,other,other
residential_property_tribunal_decision,https://docs.publishing.service.gov.uk/document-types/residential_property_tribunal_decision.html,4905,https://www.gov.uk/residential-property-tribunal-decisions/22-the-vulcan-gunwharf-quays-portsmouth-hampshire-po1-3bf-chi-slash-00mr-slash-lsc-slash-2020-slash-0114,government-frontend,thing,other,other,other,other
role_appointment,https://docs.publishing.service.gov.uk/document-types/role_appointment.html,0,,"",thing,other,other,other,other
search,https://docs.publishing.service.gov.uk/document-types/search.html,0,,finder-frontend,finding,other,other,other,other
service_manual_guide,https://docs.publishing.service.gov.uk/document-types/service_manual_guide.html,175,https://www.gov.uk/service-manual/agile-delivery/how-the-discovery-phase-works,service-manual-frontend,thing,other,other,other,other
service_manual_homepage,https://docs.publishing.service.gov.uk/document-types/service_manual_homepage.html,1,https://www.gov.uk/service-manual,service-manual-frontend,finding,other,other,other,other
service_manual_service_standard,https://docs.publishing.service.gov.uk/document-types/service_manual_service_standard.html,1,https://www.gov.uk/service-manual/service-standard,service-manual-frontend,thing,other,other,other,other
service_manual_service_toolkit,https://docs.publishing.service.gov.uk/document-types/service_manual_service_toolkit.html,1,https://www.gov.uk/service-toolkit,service-manual-frontend,thing,other,other,other,other
service_manual_topic,https://docs.publishing.service.gov.uk/document-types/service_manual_topic.html,9,https://www.gov.uk/service-manual/agile-delivery,service-manual-frontend,finding,other,other,other,other
service_sign_in,https://docs.publishing.service.gov.uk/document-types/service_sign_in.html,0,,government-frontend,thing,other,other,other,other
service_standard_report,https://docs.publishing.service.gov.uk/document-types/service_standard_report.html,232,https://www.gov.uk/service-standard-reports/apply-for-replace-or-renew-a-tachograph-driver-card-company-card-alpha-assessment,government-frontend,thing,other,other,decisions,news_and_communications
services_and_information,https://docs.publishing.service.gov.uk/document-types/services_and_information.html,0,,collections,finding,other,other,other,other
simple_smart_answer,https://docs.publishing.service.gov.uk/document-types/simple_smart_answer.html,33,https://www.gov.uk/sold-bought-vehicle,frontend,thing,other,other,transactions,services
smart_answer,https://docs.publishing.service.gov.uk/document-types/smart_answer.html,34,https://www.gov.uk/check-uk-visa,smartanswers,thing,other,other,transactions,services
social_media_use,https://docs.publishing.service.gov.uk/document-types/social_media_use.html,43,https://www.gov.uk/government/organisations/student-loans-company/about/social-media-use,"government-frontend, whitehall-frontend",thing,other,other,other,other
special_representative_role,https://docs.publishing.service.gov.uk/document-types/special_representative_role.html,0,,"",thing,other,other,other,other
special_route,https://docs.publishing.service.gov.uk/document-types/special_route.html,3,https://www.gov.uk/find-local-council,"static, publicapi, collections, feedback, whitehall-frontend, email-alert-frontend, frontend, info-frontend, email-campaign-frontend, spotlight, performanceplatform-big-screen-view, finder-frontend, search-api",thing,other,other,other,other
speech,https://docs.publishing.service.gov.uk/document-types/speech.html,8832,https://www.gov.uk/government/speeches/education-secretary-outlines-priorities-on-improving-pupil-outcomes,"government-frontend, whitehall-frontend",thing,announcements,speeches,speeches_and_statements,news_and_communications
staff_update,https://docs.publishing.service.gov.uk/document-types/staff_update.html,18,https://www.gov.uk/government/organisations/sellafield-ltd/about/staff-update,"government-frontend, whitehall-frontend",thing,other,other,other,other
standard,https://docs.publishing.service.gov.uk/document-types/standard.html,1,https://www.gov.uk/government/publications/government-functional-standard-govs-001-government-functions,"",thing,other,other,guidance,guidance_and_regulation
statistical_data_set,https://docs.publishing.service.gov.uk/document-types/statistical_data_set.html,892,https://www.gov.uk/government/statistical-data-sets/unclaimed-estates-list,"government-frontend, whitehall-frontend",thing,publications,statistics,statistics,research_and_statistics
statistics,https://docs.publishing.service.gov.uk/document-types/statistics.html,35,https://www.gov.uk/government/organisations/department-of-health-and-social-care/about/statistics,government-frontend,thing,other,other,statistics,research_and_statistics
statistics_announcement,https://docs.publishing.service.gov.uk/document-types/statistics_announcement.html,6,https://www.gov.uk/government/statistics/announcements/uk-armed-forces-recovery-capability-wounded-injured-and-sick-201516,government-frontend,thing,other,other,statistics,research_and_statistics
statutory_guidance,https://docs.publishing.service.gov.uk/document-types/statutory_guidance.html,1091,https://www.gov.uk/government/publications/early-years-foundation-stage-framework--2,"government-frontend, whitehall-frontend",thing,publications,guidance,guidance,guidance_and_regulation
statutory_instrument,https://docs.publishing.service.gov.uk/document-types/statutory_instrument.html,336,https://www.gov.uk/eu-withdrawal-act-2018-statutory-instruments/the-medical-devices-amendment-eu-exit-regulations-2021,government-frontend,thing,other,other,regulation,guidance_and_regulation
step_by_step_nav,https://docs.publishing.service.gov.uk/document-types/step_by_step_nav.html,45,https://www.gov.uk/get-tax-free-childcare,collections,thing,other,other,transactions,services
take_part,https://docs.publishing.service.gov.uk/document-types/take_part.html,0,,government-frontend,thing,other,other,other,other
tax_tribunal_decision,https://docs.publishing.service.gov.uk/document-types/tax_tribunal_decision.html,1028,https://www.gov.uk/tax-and-chancery-tribunal-decisions/the-commissioners-for-hm-revenue-and-customs-v-jason-wilkes-2021-ukut-0150-tcc,government-frontend,thing,other,other,decisions,news_and_communications
taxon,https://docs.publishing.service.gov.uk/document-types/taxon.html,224,https://www.gov.uk/brexit,collections,finding,other,other,other,other
terms_of_reference,https://docs.publishing.service.gov.uk/document-types/terms_of_reference.html,32,https://www.gov.uk/government/organisations/government-property-agency/about/terms-of-reference,"government-frontend, whitehall-frontend",thing,other,other,other,other
topic,https://docs.publishing.service.gov.uk/document-types/topic.html,400,https://www.gov.uk/topic/dealing-with-hmrc/paying-hmrc,collections,finding,other,other,other,other
topical_event,https://docs.publishing.service.gov.uk/document-types/topical_event.html,0,,whitehall-frontend,finding,other,other,other,other
topical_event_about_page,https://docs.publishing.service.gov.uk/document-types/topical_event_about_page.html,0,,government-frontend,thing,other,other,other,other
traffic_commissioner_regulatory_decision,https://docs.publishing.service.gov.uk/document-types/traffic_commissioner_regulatory_decision.html,0,,"",thing,other,other,other,other
traffic_commissioner_role,https://docs.publishing.service.gov.uk/document-types/traffic_commissioner_role.html,0,,"",thing,other,other,other,other
transaction,https://docs.publishing.service.gov.uk/document-types/transaction.html,290,https://www.gov.uk/report-covid19-result,frontend,thing,other,other,transactions,services
transparency,https://docs.publishing.service.gov.uk/document-types/transparency.html,13948,https://www.gov.uk/government/publications/royal-courts-of-justice-cause-list,"government-frontend, whitehall-frontend",thing,publications,transparency-data,transparency_data,transparency
travel_advice,https://docs.publishing.service.gov.uk/document-types/travel_advice.html,226,https://www.gov.uk/foreign-travel-advice/spain,government-frontend,thing,other,other,guidance,guidance_and_regulation
travel_advice_index,https://docs.publishing.service.gov.uk/document-types/travel_advice_index.html,1,https://www.gov.uk/foreign-travel-advice,frontend,thing,other,other,other,other
uk_market_conformity_assessment_body,https://docs.publishing.service.gov.uk/document-types/uk_market_conformity_assessment_body.html,147,https://www.gov.uk/uk-market-conformity-assessment-bodies/bsi-assurance-ltd,"",thing,other,other,other,other
unpublishing,https://docs.publishing.service.gov.uk/document-types/unpublishing.html,0,,government-frontend,thing,other,other,other,other
utaac_decision,https://docs.publishing.service.gov.uk/document-types/utaac_decision.html,1126,https://www.gov.uk/administrative-appeals-tribunal-decisions/mh-v-secretary-of-state-for-work-and-pensions-pip-2016-ukut-0531-aac,government-frontend,thing,other,other,decisions,news_and_communications
vanish,https://docs.publishing.service.gov.uk/document-types/vanish.html,0,,"",thing,other,other,other,other
welsh_language_scheme,https://docs.publishing.service.gov.uk/document-types/welsh_language_scheme.html,27,https://www.gov.uk/government/organisations/driver-and-vehicle-licensing-agency/about/welsh-language-scheme,"government-frontend, whitehall-frontend",thing,other,other,other,other
working_group,https://docs.publishing.service.gov.uk/document-types/working_group.html,0,,government-frontend,thing,other,other,other,other
world_location,https://docs.publishing.service.gov.uk/document-types/world_location.html,0,,whitehall-frontend,thing,other,other,other,other
world_location_news_article,https://docs.publishing.service.gov.uk/document-types/world_location_news_article.html,0,,government-frontend,thing,other,other,news,news_and_communications
world_news_story,https://docs.publishing.service.gov.uk/document-types/world_news_story.html,13425,https://www.gov.uk/government/news/uk-announces-2-year-post-study-work-visa-for-international-students,government-frontend,thing,announcements,other,news,news_and_communications
worldwide_office_staff_role,https://docs.publishing.service.gov.uk/document-types/worldwide_office_staff_role.html,0,,"",thing,other,other,other,other
worldwide_organisation,https://docs.publishing.service.gov.uk/document-types/worldwide_organisation.html,0,,whitehall-frontend,thing,other,other,other,other
written_statement,https://docs.publishing.service.gov.uk/document-types/written_statement.html,1960,https://www.gov.uk/government/speeches/traffic-light-system-safe-return-to-international-travel,government-frontend,thing,announcements,statements,speeches_and_statements,news_and_communications

